{"cameraMode":{"drawMode":0,"name":"Shaded","section":"Shading Mode"},"sceneLighting":true,"audioPlay":false,"sceneViewState":{"m_AlwaysRefresh":false,"showFog":false,"showSkybox":true,"showFlares":true,"showImageEffects":true,"showParticleSystems":true,"showVisualEffectGraphs":true,"m_FxEnabled":true},"in2DMode":false,"pivot":{"x":-3.6811602115631105,"y":0.9157564043998718,"z":13.402721405029297},"rotation":{"x":-0.18795748054981233,"y":-0.6326273679733276,"z":0.1620897501707077,"w":-0.7336561679840088},"size":11.411661148071289,"orthographic":false}